ID,Morfotipo,life Style,Genus,,
20191211_MJ_A009_cabe_14_47_29_0006,C. juvencus,Roller,Canthon,Bocas del carare,Cimitarra
20191211_MJ_A009_cabe_14_47_29_0008,C. juvencus,Roller,Canthon,Bocas del carare,Cimitarra
20191211_MJ_A010_cabe_15_11_21_0002,C. juvencus,Roller,Canthon,Bocas del carare,Cimitarra
20191211_MJ_A010_cabe_15_11_21_0004,C. juvencus,Roller,Canthon,Bocas del carare,Cimitarra
20191211_MJ_A010_cabe_15_11_21_0006,C. juvencus,Roller,Canthon,Bocas del carare,Cimitarra
20191211_MJ_A010_cabe_15_11_21_0008,C. juvencus,Roller,Canthon,Bocas del carare,Cimitarra
20191211_MJ_A010_cabe_15_11_21_0010,C. juvencus,Roller,Canthon,Bocas del carare,Cimitarra
20191211_MJ_A010_cabe_15_11_21_0012,C. juvencus,Roller,Canthon,Bocas del carare,Cimitarra
20191211_MJ_A010_cabe_15_11_21_0014,C. juvencus,Roller,Canthon,Bocas del carare,Cimitarra
20191211_MJ_A010_cabe_15_11_21_0016,C. juvencus,Roller,Canthon,Bocas del carare,Cimitarra
20191211_MJ_A_cabe_15_42_01_0002,C. juvencus,Roller,Canthon,Bocas del carare,Cimitarra
20191211_MJ_A_cabe_15_42_01_0004,C. juvencus,Roller,Canthon,Bocas del carare,Cimitarra
20191211_MJ_A_cabe_15_42_01_0006,C. juvencus,Roller,Canthon,Bocas del carare,Cimitarra
20191211_MJ_A_cabe_15_42_01_0008,C. juvencus,Roller,Canthon,Bocas del carare,Cimitarra
20191211_MJ_A_cabe_15_42_01_0010,C. juvencus,Roller,Canthon,Bocas del carare,Cimitarra
20191211_MJ_A_cabe_15_42_01_0012,C. juvencus,Roller,Canthon,Bocas del carare,Cimitarra
20191211_MJ_B_cabe_16_23_47_0002,C. juvencus,Roller,Canthon,Bocas del carare,Cimitarra
20191211_MJ_B_cabe_16_23_47_0004,C. juvencus,Roller,Canthon,Bocas del carare,Cimitarra
20191211_MJ_B_cabe_16_23_47_0006,C. juvencus,Roller,Canthon,Bocas del carare,Cimitarra
20191211_MJ_B_cabe_16_23_47_0008,C. juvencus,Roller,Canthon,Bocas del carare,Cimitarra
20191211_MJ_B_cabe_16_23_47_0010,C. juvencus,Roller,Canthon,Bocas del carare,Cimitarra
20191211_MJ_B_cabe_16_23_47_0012,C. juvencus,Roller,Canthon,Bocas del carare,Cimitarra
20191211_MJ_B_cabe_16_23_47_0014,C. juvencus,Roller,Canthon,Bocas del carare,Cimitarra
20191211_MJ_B_cabe_16_23_47_0020,C. juvencus,Roller,Canthon,Bocas del carare,Cimitarra
20191211_MJ_C_cabe_16_23_47_0022,C. juvencus,Roller,Canthon,Bocas del carare,Cimitarra
20191211_MJ_C_cabe_16_23_47_0024,C. juvencus,Roller,Canthon,Bocas del carare,Cimitarra
20191211_MJ_C_cabe_16_23_47_0026,C. juvencus,Roller,Canthon,Bocas del carare,Cimitarra
20191211_MJ_C_cabe_16_23_47_0028,C. juvencus,Roller,Canthon,Bocas del carare,Cimitarra
20191211_MJ_C_cabe_16_23_47_0030,C. juvencus,Roller,Canthon,Bocas del carare,Cimitarra
20191211_MJ_C_cabe_16_23_47_0034,C. juvencus,Roller,Canthon,Bocas del carare,Cimitarra
20191025_MP_A_0002,C. septemmaculatus,Roller,Canthon,Bocas del carare,Cimitarra
20191025_MP_A_0004,C. septemmaculatus,Roller,Canthon,Bocas del carare,Cimitarra
20191025_MP_A_0006,C. septemmaculatus,Roller,Canthon,Bocas del carare,Cimitarra
20191025_MP_A_0008,C. septemmaculatus,Roller,Canthon,Bocas del carare,Cimitarra
20191025_MP_A_0010,C. septemmaculatus,Roller,Canthon,Bocas del carare,Cimitarra
20191025_MP_A_0012,C. septemmaculatus,Roller,Canthon,Bocas del carare,Cimitarra
20191025_MP_A_0014,C. septemmaculatus,Roller,Canthon,Bocas del carare,Cimitarra
20191025_MP_A_0016,C. septemmaculatus,Roller,Canthon,Bocas del carare,Cimitarra
20191025_MP_A_0018,C. septemmaculatus,Roller,Canthon,Bocas del carare,Cimitarra
20191025_MP_A_0020,C. septemmaculatus,Roller,Canthon,Bocas del carare,Cimitarra
20191025_MP_A_0022,C. septemmaculatus,Roller,Canthon,Bocas del carare,Cimitarra
20191025_MP_B_0002,C. septemmaculatus,Roller,Canthon,Bocas del carare,Cimitarra
20191025_MP_B_0004,C. septemmaculatus,Roller,Canthon,Bocas del carare,Cimitarra
20191025_MP_B_0006,C. septemmaculatus,Roller,Canthon,Bocas del carare,Cimitarra
20191025_MP_B_0008,C. septemmaculatus,Roller,Canthon,Bocas del carare,Cimitarra
20191025_MP_B_0010,C. septemmaculatus,Roller,Canthon,Bocas del carare,Cimitarra
20191025_MP_C_0012,C. septemmaculatus,Roller,Canthon,Bocas del carare,Cimitarra
20191025_MP_C_0014,C. septemmaculatus,Roller,Canthon,Bocas del carare,Cimitarra
20191025_MP_C_0016,C. septemmaculatus,Roller,Canthon,Bocas del carare,Cimitarra
20191025_MP_C_0018,C. septemmaculatus,Roller,Canthon,Bocas del carare,Cimitarra
20191025_MP_C_0020,C. septemmaculatus,Roller,Canthon,Bocas del carare,Cimitarra
20191025_MP_C_0022,C. septemmaculatus,Roller,Canthon,Bocas del carare,Cimitarra
20191025_MP_C_0024,C. septemmaculatus,Roller,Canthon,Bocas del carare,Cimitarra
20191025_MP_C_0028,C. septemmaculatus,Roller,Canthon,Bocas del carare,Cimitarra
20191025_MP_C_0030,C. septemmaculatus,Roller,Canthon,Bocas del carare,Cimitarra
20191025_MP_C_0032,C. septemmaculatus,Roller,Canthon,Bocas del carare,Cimitarra
20191025_MP_C_0034,C. septemmaculatus,Roller,Canthon,Bocas del carare,Cimitarra
20191025_MP_C_0036,C. septemmaculatus,Roller,Canthon,Bocas del carare,Cimitarra
20191025_MP_C_0038,C. septemmaculatus,Roller,Canthon,Bocas del carare,Cimitarra
20191025_MP_C_0040,C. septemmaculatus,Roller,Canthon,Bocas del carare,Cimitarra
20191219_M4_A007_18_43_55_0002,C. cyanellus,Roller,Canthon,Bocas del carare,Cimitarra
20191219_M4_A007_18_43_55_0004,C. cyanellus,Roller,Canthon,Bocas del carare,Cimitarra
20191219_M4_A007_18_43_55_0006,C. cyanellus,Roller,Canthon,Bocas del carare,Cimitarra
20191219_M4_A007_18_43_55_0008,C. cyanellus,Roller,Canthon,Bocas del carare,Cimitarra
20191219_M4_A007_18_43_55_0010,C. cyanellus,Roller,Canthon,Bocas del carare,Cimitarra
20191219_M4_A18_30_39_0002,C. cyanellus,Roller,Canthon,Bocas del carare,Cimitarra
20191219_M4_A18_30_39_0004,C. cyanellus,Roller,Canthon,Bocas del carare,Cimitarra
20191219_M4_A18_30_39_0006,C. cyanellus,Roller,Canthon,Bocas del carare,Cimitarra
20191219_M4_B_18_33_01_0002,C. cyanellus,Roller,Canthon,Bocas del carare,Cimitarra
20191219_M4_B_18_33_01_0004,C. cyanellus,Roller,Canthon,Bocas del carare,Cimitarra
20191219_M4_C_18_33_01_0006,C. cyanellus,Roller,Canthon,Bocas del carare,Cimitarra
20191219_M4_D_18_36_56_0002,C. cyanellus,Roller,Canthon,Bocas del carare,Cimitarra
20191219_M4_D_18_36_56_0004,C. cyanellus,Roller,Canthon,Bocas del carare,Cimitarra
20191219_M4_D_18_36_56_0006,C. cyanellus,Roller,Canthon,Bocas del carare,Cimitarra
20191219_M4_D_18_36_56_0008,C. cyanellus,Roller,Canthon,Bocas del carare,Cimitarra
20191219_M4_D_18_36_56_0010,C. cyanellus,Roller,Canthon,Bocas del carare,Cimitarra
20191219_M4_D_18_36_56_0012,C. cyanellus,Roller,Canthon,Bocas del carare,Cimitarra
20191219_M4_E_18_47_56_0002,C. cyanellus,Roller,Canthon,Santo Domingo,Cantagallo
20191219_M4_E_18_47_56_0004,C. cyanellus,Roller,Canthon,Santo Domingo,Cantagallo
20191219_M4_E_18_47_56_0006,C. cyanellus,Roller,Canthon,Santo Domingo,Cantagallo
20191219_M4_E_19_10_39_0002,C. cyanellus,Roller,Canthon,Santo Domingo,Cantagallo
20191219_M4_E_19_10_39_0004,C. cyanellus,Roller,Canthon,Santo Domingo,Cantagallo
20191219_M4_E_19_10_39_0006,C. cyanellus,Roller,Canthon,Santo Domingo,Cantagallo
20191219_M4_E_19_10_39_0008,C. cyanellus,Roller,Canthon,Santo Domingo,Cantagallo
20191219_M4_E_19_10_39_0010,C. cyanellus,Roller,Canthon,Santo Domingo,Cantagallo
20191219_M4_E_19_10_39_0012,C. cyanellus,Roller,Canthon,Santo Domingo,Cantagallo
20191219_M4_E_19_10_39_0014,C. cyanellus,Roller,Canthon,Santo Domingo,Cantagallo
20191219_M4_F_19_19_29_0002,C. cyanellus,Roller,Canthon,Santo Domingo,Cantagallo
20191219_M4_F_19_19_29_0004,C. cyanellus,Roller,Canthon,Santo Domingo,Cantagallo
20191028_MA_A_0002,C. Glaphyrocanthon,Roller,Canthon,La Bodega,Carmen del chucuri
20191028_MA_A_0004,C. Glaphyrocanthon,Roller,Canthon,La Bodega,Carmen del chucuri
20191028_MA_A_0006,C. Glaphyrocanthon,Roller,Canthon,La Bodega,Carmen del chucuri
20191028_MA_B_0008,C. Glaphyrocanthon,Roller,Canthon,La Bodega,Carmen del chucuri
20191028_MA_C_0010,C. Glaphyrocanthon,Roller,Canthon,La Bodega,Carmen del chucuri
20191028_MA_D_0012,C. Glaphyrocanthon,Roller,Canthon,La Bodega,Carmen del chucuri
20191028_MA_E_0014,C. Glaphyrocanthon,Roller,Canthon,La Bodega,Carmen del chucuri
20191028_MA_F_0016,C. Glaphyrocanthon,Roller,Canthon,La Bodega,Carmen del chucuri
20191028_MA_G_0018,C. Glaphyrocanthon,Roller,Canthon,La Bodega,Carmen del chucuri
20191028_MA_H_0020,C. Glaphyrocanthon,Roller,Canthon,La Bodega,Carmen del chucuri
20191029_MV_A001_0040,C. Glaphyrocanthon,Roller,Canthon,La Bodega,Carmen del chucuri
20191029_MV_A003_0042,C. Glaphyrocanthon,Roller,Canthon,La Bodega,Carmen del chucuri
20191029_MV_A004_0044,C. Glaphyrocanthon,Roller,Canthon,La Bodega,Carmen del chucuri
20191029_MV_A004_0046,C. Glaphyrocanthon,Roller,Canthon,La Bodega,Carmen del chucuri
20191029_MV_A005_0048,C. Glaphyrocanthon,Roller,Canthon,La Bodega,Carmen del chucuri
20191029_MV_A_0002,C. Glaphyrocanthon,Roller,Canthon,La Bodega,Carmen del chucuri
20191029_MV_A_0003,C. Glaphyrocanthon,Roller,Canthon,La Bodega,Carmen del chucuri
20191029_MV_A_0004,C. Glaphyrocanthon,Roller,Canthon,La Bodega,Carmen del chucuri
20191029_MV_A_0005,C. Glaphyrocanthon,Roller,Canthon,La Bodega,Carmen del chucuri
20191029_MV_A_0006,C. Glaphyrocanthon,Roller,Canthon,La Bodega,Carmen del chucuri
20191029_MV_A_0007,C. Glaphyrocanthon,Roller,Canthon,La Bodega,Carmen del chucuri
20191029_MV_A_0008,C. Glaphyrocanthon,Roller,Canthon,La Bodega,Carmen del chucuri
20191029_MV_A_0009,C. Glaphyrocanthon,Roller,Canthon,La Bodega,Carmen del chucuri
20191029_MV_A_0010,C. Glaphyrocanthon,Roller,Canthon,La Bodega,Carmen del chucuri
20191029_MV_A_0011,C. Glaphyrocanthon,Roller,Canthon,La Bodega,Carmen del chucuri
20191029_MV_A_0013,C. Glaphyrocanthon,Roller,Canthon,La Bodega,Carmen del chucuri
20191029_MV_A_0022,C. Glaphyrocanthon,Roller,Canthon,La Bodega,Carmen del chucuri
20191029_MV_A_0026,C. Glaphyrocanthon,Roller,Canthon,La Bodega,Carmen del chucuri
20191029_MV_A_0028,C. Glaphyrocanthon,Roller,Canthon,La Bodega,Carmen del chucuri
20191029_MV_A_0032,C. Glaphyrocanthon,Roller,Canthon,La Bodega,Carmen del chucuri
20191029_MC_A002_0049,C. subhyalinus,Roller,Canthon,Bocas del carare,Cimitarra
20191029_MC_A002_0051,C. subhyalinus,Roller,Canthon,Bocas del carare,Cimitarra
20191029_MC_A002_0053,C. subhyalinus,Roller,Canthon,Bocas del carare,Cimitarra
20191029_MC_A002_0055,C. subhyalinus,Roller,Canthon,Bocas del carare,Cimitarra
20191029_MC_A002_0057,C. subhyalinus,Roller,Canthon,Bocas del carare,Cimitarra
20191029_MC_A002_0059,C. subhyalinus,Roller,Canthon,Bocas del carare,Cimitarra
20191029_MC_A002_0061,C. subhyalinus,Roller,Canthon,Bocas del carare,Cimitarra
20191029_MC_A002_0063,C. subhyalinus,Roller,Canthon,Bocas del carare,Cimitarra
20191029_MC_A002_0065,C. subhyalinus,Roller,Canthon,Bocas del carare,Cimitarra
20191029_MC_A002_0067,C. subhyalinus,Roller,Canthon,Bocas del carare,Cimitarra
20191029_MC_A002_0069,C. subhyalinus,Roller,Canthon,Bocas del carare,Cimitarra
20191029_MC_A002_0071,C. subhyalinus,Roller,Canthon,Bocas del carare,Cimitarra
20191029_MC_A002_0073,C. subhyalinus,Roller,Canthon,Bocas del carare,Cimitarra
20191029_MC_A002_0075,C. subhyalinus,Roller,Canthon,Bocas del carare,Cimitarra
20191029_MC_A002_0077,C. subhyalinus,Roller,Canthon,Bocas del carare,Cimitarra
20191029_MC_A003b_0079,C. subhyalinus,Roller,Canthon,Bocas del carare,Cimitarra
20191029_MC_A003b_0081,C. subhyalinus,Roller,Canthon,Bocas del carare,Cimitarra
20191029_MC_A003b_0083,C. subhyalinus,Roller,Canthon,Bocas del carare,Cimitarra
20191029_MC_A003b_0085,C. subhyalinus,Roller,Canthon,Bocas del carare,Cimitarra
20191029_MC_A003b_0087,C. subhyalinus,Roller,Canthon,Bocas del carare,Cimitarra
20191029_MC_A003b_0089,C. subhyalinus,Roller,Canthon,Bocas del carare,Cimitarra
20191029_MC_A003b_0091,C. subhyalinus,Roller,Canthon,Bocas del carare,Cimitarra
20191219_MC_carmen_14_58_01_0002,C. subhyalinus,Roller,Canthon,La Belleza,El Carmen de Chucurí
20191219_MC_carmen_14_58_01_0004,C. subhyalinus,Roller,Canthon,La Belleza,El Carmen de Chucurí
20191219_MC_carmen_14_58_01_0006,C. subhyalinus,Roller,Canthon,La Belleza,El Carmen de Chucurí
20191219_MC_carmen_14_58_01_0008,C. subhyalinus,Roller,Canthon,La Belleza,El Carmen de Chucurí
20191219_MC_carmen_14_58_01_0010,C. subhyalinus,Roller,Canthon,La Belleza,El Carmen de Chucurí
20191219_MC_carmen_14_58_01_0013,C. subhyalinus,Roller,Canthon,La Belleza,El Carmen de Chucurí
20191219_MC_carmen_15_08_31_0002,C. subhyalinus,Roller,Canthon,La Belleza,El Carmen de Chucurí
20191219_MC_carmen_15_08_31_0004,C. subhyalinus,Roller,Canthon,La Belleza,El Carmen de Chucurí
D001,Dichotomius,Tunnelers,Dichotomius,La Salina,Santa Barbara
D002,Dichotomius,Tunnelers,Dichotomius,,Santa Barbara
D003,Dichotomius,Tunnelers,Dichotomius,,Santa Barbara
D004,Dichotomius,Tunnelers,Dichotomius,,Santa Barbara
D005,Dichotomius,Tunnelers,Dichotomius,,Santa Barbara
D006,Dichotomius,Tunnelers,Dichotomius,,Santa Barbara
D007,Dichotomius,Tunnelers,Dichotomius,,Santa Barbara
D008,Dichotomius,Tunnelers,Dichotomius,,Santa Barbara
D009,Dichotomius,Tunnelers,Dichotomius,,Santa Barbara
D010,Dichotomius,Tunnelers,Dichotomius,,Santa Barbara
D011,Dichotomius,Tunnelers,Dichotomius,,Santa Barbara
D012,Dichotomius,Tunnelers,Dichotomius,,Santa Barbara
D013,Dichotomius,Tunnelers,Dichotomius,,Santa Barbara
D014,Dichotomius,Tunnelers,Dichotomius,,Santa Barbara
D015,Dichotomius,Tunnelers,Dichotomius,,Santa Barbara
D016,Dichotomius,Tunnelers,Dichotomius,,Santa Barbara
D017,Dichotomius,Tunnelers,Dichotomius,,Santa Barbara
D018,Dichotomius,Tunnelers,Dichotomius,,Santa Barbara
D019,Dichotomius,Tunnelers,Dichotomius,,Santa Barbara
D020,Dichotomius,Tunnelers,Dichotomius,,Santa Barbara
D021,Dichotomius,Tunnelers,Dichotomius,,Santa Barbara
D022,Dichotomius,Tunnelers,Dichotomius,,Santa Barbara
D023,Dichotomius,Tunnelers,Dichotomius,,Santa Barbara
D024,Dichotomius,Tunnelers,Dichotomius,,Santa Barbara
D025,Dichotomius,Tunnelers,Dichotomius,,Santa Barbara
D026,Dichotomius,Tunnelers,Dichotomius,,Santa Barbara
D027,Dichotomius,Tunnelers,Dichotomius,,Santa Barbara
D028,Dichotomius,Tunnelers,Dichotomius,,Santa Barbara
D029,Dichotomius,Tunnelers,Dichotomius,,Santa Barbara
D030,Dichotomius,Tunnelers,Dichotomius,,Santa Barbara
E001,Eurysternus,Tunnelers,Eurysternus,,Santa Barbara
E002,Eurysternus,Tunnelers,Eurysternus,,Santa Barbara
E003,Eurysternus,Tunnelers,Eurysternus,,Santa Barbara
E004,Eurysternus,Tunnelers,Eurysternus,,Santa Barbara
E005,Eurysternus,Tunnelers,Eurysternus,,Santa Barbara
E006,Eurysternus,Tunnelers,Eurysternus,,Santa Barbara
E007,Eurysternus,Tunnelers,Eurysternus,,Santa Barbara
E008,Eurysternus,Tunnelers,Eurysternus,,Santa Barbara
E009,Eurysternus,Tunnelers,Eurysternus,,Santa Barbara
E010,Eurysternus,Tunnelers,Eurysternus,,Santa Barbara
E011,Eurysternus,Tunnelers,Eurysternus,,Santa Barbara
E012,Eurysternus,Tunnelers,Eurysternus,,Santa Barbara
E013,Eurysternus,Tunnelers,Eurysternus,,Santa Barbara
E014,Eurysternus,Tunnelers,Eurysternus,,Santa Barbara
E015,Eurysternus,Tunnelers,Eurysternus,,Santa Barbara
E016,Eurysternus,Tunnelers,Eurysternus,,Santa Barbara
E017,Eurysternus,Tunnelers,Eurysternus,,Santa Barbara
E018,Eurysternus,Tunnelers,Eurysternus,,Santa Barbara
E019,Eurysternus,Tunnelers,Eurysternus,,Santa Barbara
E020,Eurysternus,Tunnelers,Eurysternus,,Santa Barbara
E021,Eurysternus,Tunnelers,Eurysternus,,Santa Barbara
E022,Eurysternus,Tunnelers,Eurysternus,,Santa Barbara
E023,Eurysternus,Tunnelers,Eurysternus,,Santa Barbara
E024,Eurysternus,Tunnelers,Eurysternus,,Santa Barbara
E025,Eurysternus,Tunnelers,Eurysternus,,Santa Barbara
E026,Eurysternus,Tunnelers,Eurysternus,,Santa Barbara
E027,Eurysternus,Tunnelers,Eurysternus,,Santa Barbara
E028,Eurysternus,Tunnelers,Eurysternus,,Santa Barbara
E029,Eurysternus,Tunnelers,Eurysternus,,Santa Barbara
E030,Eurysternus,Tunnelers,Eurysternus,,Santa Barbara
O001,Ontherus,Tunnelers,Ontherus,,Santa Barbara
O002,Ontherus,Tunnelers,Ontherus,,Santa Barbara
O003,Ontherus,Tunnelers,Ontherus,,Santa Barbara
O004,Ontherus,Tunnelers,Ontherus,,Santa Barbara
O005,Ontherus,Tunnelers,Ontherus,,Santa Barbara
O006,Ontherus,Tunnelers,Ontherus,,Santa Barbara
O007,Ontherus,Tunnelers,Ontherus,,Santa Barbara
O008,Ontherus,Tunnelers,Ontherus,,Santa Barbara
O009,Ontherus,Tunnelers,Ontherus,,Santa Barbara
O010,Ontherus,Tunnelers,Ontherus,,Santa Barbara
O011,Ontherus,Tunnelers,Ontherus,,Santa Barbara
O012,Ontherus,Tunnelers,Ontherus,,Santa Barbara
O013,Ontherus,Tunnelers,Ontherus,,Santa Barbara
O014,Ontherus,Tunnelers,Ontherus,,Santa Barbara
O015,Ontherus,Tunnelers,Ontherus,,Santa Barbara
O016,Ontherus,Tunnelers,Ontherus,,Santa Barbara
O017,Ontherus,Tunnelers,Ontherus,,Santa Barbara
O018,Ontherus,Tunnelers,Ontherus,,Santa Barbara
O019,Ontherus,Tunnelers,Ontherus,,Santa Barbara
O020,Ontherus,Tunnelers,Ontherus,,Santa Barbara
O021,Ontherus,Tunnelers,Ontherus,,Santa Barbara
O022,Ontherus,Tunnelers,Ontherus,,Santa Barbara
O023,Ontherus,Tunnelers,Ontherus,,Santa Barbara
O024,Ontherus,Tunnelers,Ontherus,,Santa Barbara
O025,Ontherus,Tunnelers,Ontherus,,Santa Barbara
O026,Ontherus,Tunnelers,Ontherus,,Santa Barbara
O027,Ontherus,Tunnelers,Ontherus,,Santa Barbara
O028,Ontherus,Tunnelers,Ontherus,,Santa Barbara
O029,Ontherus,Tunnelers,Ontherus,,Santa Barbara
O030,Ontherus,Tunnelers,Ontherus,,Santa Barbara
